Personnel_Records.Payroll_Number,Personnel_Records.Forenames,Personnel_Records.Surname,Personnel_Records.Date_of_Birth,Personnel_Records.Telephone,Personnel_Records.Mobile,Personnel_Records.Address,Personnel_Records.Address_2,Personnel_Records.Postcode,Personnel_Records.EMail_Home,Personnel_Records.Start_Date
COOP08,John ,William,26/01/1955,12345678,987654231,12 Foreman road,London,GU12 6JW,nomadic20@hotmail.co.uk,18/04/2013
JACK13,Jerry,Jackson,11/5/1974,2050508,6987457,115 Spinney Road,Luton,LU33DF,gerry.jackson@bt.com,18/04/2013
SMITH01,Sarah,Smith,15/03/1982,01234567,07700111222,42 Oak Street,Manchester,M1 1AB,sarah.smith@email.com,01/09/2015
BROWN02,Michael,Brown,22/07/1978,01234568,07700111223,88 Elm Avenue,Birmingham,B1 2CD,m.brown@email.com,10/06/2014
JONES03,Emma,Jones,08/12/1990,01234569,07700111224,25 Pine Lane,Leeds,LS1 3EF,emma.jones@email.com,15/01/2019
DAVIS04,Robert,Davis,03/09/1985,01234570,07700111225,67 Maple Drive,Glasgow,G1 1GF,robert.davis@email.com,20/11/2016
WILSON05,Laura,Wilson,19/04/1988,01234571,07700111226,33 Cedar Road,Edinburgh,EH1 2JH,laura.wilson@email.com,05/03/2017
TAYLOR06,James,Taylor,11/06/1980,01234572,07700111227,99 Birch Close,Bristol,BS1 3KL,james.taylor@email.com,12/08/2013
ANDERSON07,Jessica,Anderson,27/02/1992,01234573,07700111228,16 Walnut Way,Liverpool,L1 4MN,jessica.anderson@email.com,18/05/2020
THOMAS08,David,Thomas,14/10/1975,01234574,07700111229,50 Hawthorn Lane,Newcastle,NE1 5OP,david.thomas@email.com,22/07/2012
MARTIN09,Sophie,Martin,06/08/1987,01234575,07700111230,73 Ash Grove,Sheffield,S1 2QR,sophie.martin@email.com,09/04/2018
WHITE10,Christopher,White,31/05/1983,01234576,07700111231,41 Chestnut Street,Coventry,CV1 2ST,chris.white@email.com,14/02/2016
EMP11,Olivia,Green,02/02/1991,01300123401,07700111232,12 Rose Terrace,Brighton,BN1 1AA,olivia.green@email.com,03/06/2019
EMP12,Thomas,Wilson,17/09/1984,01300123402,07700111233,7 River Walk,Oxford,OX1 2BB,thomas.wilson@email.com,21/03/2015
EMP13,Lily,Evans,23/11/1992,01300123403,07700111234,90 Meadow Lane,Cambridge,CB2 1CC,lily.evans@email.com,14/10/2020
EMP14,Daniel,King,05/05/1979,01300123404,07700111235,31 High Street,York,YO1 7DD,daniel.king@email.com,01/02/2014
EMP15,Grace,Lee,29/07/1986,01300123405,07700111236,56 Orchard Road,Bath,BA1 2EE,grace.lee@email.com,11/11/2017
EMP16,Oliver,Scott,12/12/1982,01300123406,07700111237,18 Park View,Canterbury,CT1 3FF,oliver.scott@email.com,06/04/2016
EMP17,Chloe,Adams,08/03/1995,01300123407,07700111238,44 King Street,Oxford,OX2 4GG,chloe.adams@email.com,19/08/2021
EMP18,Matthew,Hill,20/10/1980,01300123408,07700111239,3 Long Acre,Durham,DL1 5HH,matthew.hill@email.com,30/09/2013
EMP19,Ella,Bailey,14/01/1993,01300123409,07700111240,27 Station Road,Plymouth,PL1 6JJ,ella.bailey@email.com,12/07/2018
EMP20,Samuel,Brooks,06/06/1987,01300123410,07700111241,65 Market Place,Exeter,EX1 2KK,sam.brooks@email.com,22/05/2014
EMP21,Isla,Reed,09/09/1990,01300123411,07700111242,8 Mill Lane,Windsor,SL4 1LL,isla.reed@email.com,04/01/2019
EMP22,Jack,Parker,30/04/1985,01300123412,07700111243,21 Church Road,Nottingham,NG1 3MM,jack.parker@email.com,17/03/2015
EMP23,Mia,Cook,16/02/1994,01300123413,07700111244,2 The Crescent,Southampton,SO14 2NN,mia.cook@email.com,09/09/2020
EMP24,Harry,Price,25/08/1977,01300123414,07700111245,39 Victoria Street,Cardiff,CF10 1AA,harry.price@email.com,28/06/2012
EMP25,Sophia,Ward,03/03/1989,01300123415,07700111246,14 Elm Road,Belfast,BT1 5BB,sophia.ward@email.com,15/10/2016
EMP26,Leo,Harris,21/11/1991,01300123416,07700111247,5 Grove Park,Leicester,LE1 6CC,leo.harris@email.com,02/02/2018
EMP27,Amelia,Ross,07/07/1996,01300123417,07700111248,48 West End,Milton Keynes,MK9 2DD,amelia.ross@email.com,10/12/2021
EMP28,Henry,Cooper,18/05/1981,01300123418,07700111249,11 North Road, Swansea,SA1 1EE,henry.cooper@email.com,23/04/2013
EMP29,Evelyn,Collins,04/04/1988,01300123419,07700111250,66 South Street,Reading,RG1 3FF,evelyn.collins@email.com,07/07/2015
EMP30,Noah,Bell,26/06/1992,01300123420,07700111251,9 Chapel Lane,Bournemouth,BH1 2GG,noah.bell@email.com,01/08/2019
EMP31,Zoe,Murphy,13/01/1990,01300123421,07700111252,34 Lynton Road,Blackpool, FY1 2HH,zoe.murphy@email.com,19/05/2017
EMP32,Jacob,Bennett,02/02/1983,01300123422,07700111253,77 Queensway,Stoke-on-Trent,ST1 4JJ,jacob.bennett@email.com,29/09/2014
EMP33,Lauren,Butler,15/10/1994,01300123423,07700111254,20 Cross Street,Chester,CH1 2LL,lauren.butler@email.com,08/03/2020
EMP34,Oscar,Woods,28/09/1986,01300123424,07700111255,62 Northgate,Aberdeen,AB1 5NN,oscar.woods@email.com,16/01/2016
EMP35,Hannah,Hayes,11/12/1993,01300123425,07700111256,3 Park Road,Salford,M3 4GG,hannah.hayes@email.com,30/06/2018
EMP36,Ryan,Foster,01/05/1982,01300123426,07700111257,55 Church Lane,Peterborough,PE1 1AA,ryan.foster@email.com,05/11/2013
EMP37,Ruby,Cox,24/08/1995,01300123427,07700111258,12 Willow Way,Bolton,BL1 2BB,ruby.cox@email.com,14/02/2021
EMP38,Lucas,Riley,10/03/1989,01300123428,07700111259,46 Broad Street,Preston,PR1 2CC,lucas.riley@email.com,27/07/2015
EMP39,Alice,Chapman,19/02/1987,01300123429,07700111260,28 Bridge Road,Oxford,OX3 7DD,alice.chapman@email.com,12/12/2014
EMP40,Marcus,Griffin,22/07/1976,01300123430,07700111261,91 Highfield Drive,Southend-on-Sea,SS1 1AA,marcus.griffin@email.com,03/09/2011
